Instruction,Input,Output,materi,question_id,Template
Design a class in Python that models a customer with the following properties,"Attributes: name, email, phone_number, address.","class Customer:
    def __init__(self,name, email, phone_number, address):
        self.name = name
        self.email = email
        self.phone_number = phone_number
        self.address = address",OOP,34,"___
    ___
        ___ name
        ___ email
        ___ phone_number
        ___ address"
Create a class in Python that represents a given animal object.,Cat,"class Cat:
    def __init__(self):
        self.name = """"
        self.colour = """"
        self.age = 0
        self.breed = """"

    def meow(self):
        print(self.name, ""says meow!"")",OOP,595,"___
    ___
        ___ """"
        ___ """"
        ___ 0
        ___ """"

    ___
        print(self.name, ""says meow!"")"
Extend a Python class to create another class with similar behavior.,"class Vehicle:
	def __init__(self):
		self.speed = 0
		self.odometer = 0
		self.time = 0","class Motorcycle(Vehicle):
    def __init__(self):
        super().__init__()
        self.num_wheels = 2
        self.type = 'motorcycle'

    def accelerate(self):
        self.speed += 10

    def brake(self):
        self.speed = max(self.speed - 7, 0)",OOP,836,"___):
    ___
        super().__init__()
        ___ 2
        ___ 'motorcycle'

    ___
        self.speed += 10

    ___
        ___ max(self.speed - 7, 0)"
Edit the following Python class such that it can accept a variable number of parameters.,"class Person:
    def __init__(self, name, age, weight):
        self.name = name
        self.age = age
        self.weight = weight","class Person:
    def __init__(self, *args):
        self.name = args[0]
        self.age = args[1]
        self.weight = args[2]",OOP,1386,"___
    ___
        ___ args[0]
        ___ args[1]
        ___ args[2]"
Write Python code to implement a class like this.,"class Employee: 
    def __init__(self, name, age): 
        self.name = name 
        self.age = age","class Employee: 
    def __init__(self, name, age):
        self.name = name 
        self.age = age 
    
     def __str__(self): 
        return ""Employee({0}, {1})"".format(self.name,self.age) 
 
emp = Employee(""John"", 24) 
print(emp)",OOP,1520,"___ 
    ___
        ___ name 
        ___ age 
    
     ___ 
        return ""Employee({0}, {1})"".format(self.name,self.age) 
 
emp = Employee(""John"", 24) 
print(emp)"
Generate a class in Python using the parameters provided in the following Input section.,"class_name = ""Person""
attributes = [""Name"", ""Age"", ""Gender""]","class Person:
    def __init__(self, Name, Age, Gender):
        self.Name = Name
        self.Age = Age
        self.Gender = Gender",OOP,1781,"___
    ___
        ___ Name
        ___ Age
        ___ Gender"
Transform the code snippet into a Python class.,"def multiply(x, y):
    return x * y","class Calculator:
    def __init__(self):
        pass

    def multiply(self, x, y):
        return x * y",OOP,1797,"___
    ___
        pass

    ___
        return x * y"
"Generate a new Python class which extends some existing class, but with a modified constructor.","class A:
    def __init__(self, param1, param2):
        self.param1 = param1
        self.param2 = param2","class B(A):
    def __init__(self, param1, param2, param3):
        super().__init__(param1, param2)
        self.param3 = param3",OOP,1871,"___):
    ___
        super().__init__(param1, param2)
        ___ param3"
Complete the Python class below so that it can calculate the sum of two integers.,"class Sum:
    def __init__(self, x, y):
        self.x = x
        self.y = y","class Sum:
    def __init__(self, x, y):
        self.x = x
        self.y = y
        
    def add(self):
        return self.x + self.y",OOP,2023,"___
    ___
        ___ x
        ___ y
        
    ___
        return self.x + self.y"
Write a Python class to represent a polynomial of degree n.,<no input>,"class Polynomial:
    def __init__(self, coeff):
        self.coeff = coeff

    def __call__(self, x):
        result = 0
        for idx, c in enumerate(self.coeff):
            result += c * x ** idx
        return result",OOP,2112,"___
    ___
        ___ coeff

    ___
        result = 0
        for idx, c in enumerate(self.coeff):
            result += c * x ** idx
        return result"
Create a class in Python that takes two arguments a 'name' and 'age' and returns a greeting.,-,"class Greeting:
    def __init__(self, name, age):
        self.name = name
        self.age = age
    
    def get_greeting(self):
        return f""Hello, my name is {self.name} and I am {self.age} years old.""",OOP,2282,"___
    ___
        ___ name
        ___ age
    
    ___
        return f""Hello, my name is {self.name} and I am {self.age} years old."""
Construct a Python class that takes a given number and calculates the sum of the digits.,6342,"class SumOfDigits:
    
    def __init__(self, num):
        self.num = num
    
    def calculate_sum_of_digits(self):
        total = 0
        for ch in str(self.num):
            total += int(ch)
        return total

digit_sum = SumOfDigits(6342)
result = digit_sum.calculate_sum_of_digits()
print(result)",OOP,2456,"___
    
    ___
        ___ num
    
    ___
        total = 0
        for ch in str(self.num):
            total += int(ch)
        return total

digit_sum = SumOfDigits(6342)
result = digit_sum.calculate_sum_of_digits()
print(result)"
Create a python class that simulates an invoice with information about the item and the cost.,"Example of an Invoice:

Item: Pen
Price: $3","class Invoice:
    def __init__(self, item, price):
        self.item = item
        self.price = price
    
    def get_item(self):
        return self.item
    
    def get_price(self):
        return self.price

invoice = Invoice(""Pen"", 3)",OOP,2520,"___
    ___
        ___ item
        ___ price
    
    ___
        return self.item
    
    ___
        return self.price

invoice = Invoice(""Pen"", 3)"
Design a class in Python to store details of a person,"Name: John
Age: 34","class Person:
    def __init__(self, name, age):
        self.name = name
        self.age = age

person = Person('John', 34)",OOP,2577,"___
    ___
        ___ name
        ___ age

person = Person('John', 34)"
Design a class in Python to represent a circle.,< noinput >,"class Circle:
    """"""Class to represent a circle.""""""
    def __init__(self, radius):
        """"""Initialize the circle.""""""
        self.radius = radius

    def get_area(self):
        """"""Calculate and return the area of the circle.""""""
        return 3.14 * self.radius * self.radius",OOP,2782,"___
    """"""Class to represent a circle.""""""
    ___
        """"""Initialize the circle.""""""
        ___ radius

    ___
        """"""Calculate and return the area of the circle.""""""
        return 3.14 * self.radius * self.radius"
Construct a Python class with the following atributes and methods.,"Attributes: name, ID
Methods: setName, setID, getName, getID","class MyClass:
    def __init__(self):
        self.name = """"
        self.ID = 0
 
    def setName(self, name):
        self.name = name
    
    def setID(self, ID):
        self.ID = ID
 
    def getName(self):
        return self.name
 
    def getID(self):
        return self.ID",OOP,3142,"___
    ___
        ___ """"
        ___ 0
 
    ___
        ___ name
    
    ___
        ___ ID
 
    ___
        return self.name
 
    ___
        return self.ID"
Create a class in python that finds the sum of two numbers.,No input,"class Sum:
    def __init__(self, x, y):
        self.x = x
        self.y = y
    
    def find_sum(self):
        return self.x + self.y
        
if __name__ == '__main__':
    s = Sum(10, 5)
    print(s.find_sum())",OOP,3380,"___
    ___
        ___ x
        ___ y
    
    ___
        return self.x + self.y
        
if __name__ == '__main__':
    s = Sum(10, 5)
    print(s.find_sum())"
Create a class in Python to generate a calendar.,"calendarName = ""My Calendar""","class CalendarGenerator(object):

    def __init__(self, name):
        self.name = name

    def generate_calendar(self):
        calendar = []

        # Code to generate a calendar goes here

        return calendar

calendar = CalendarGenerator(calendarName)
calendar.generate_calendar()",OOP,3441,"___):

    ___
        ___ name

    ___
        calendar = []

        # Code to generate a calendar goes here

        return calendar

calendar = CalendarGenerator(calendarName)
calendar.generate_calendar()"
Create a class in Python to handle the following Student object.,"Name: John
Age: 20
Marks: [80, 90, 85, 100]","class Student:
    def __init__(self, name, age, marks):
        self.name = name
        self.age = age
        self.marks = marks
        
    def get_name(self):
        return self.name
    
    def get_age(self):
        return self.age
    
    def get_total_marks(self):
        return sum(self.marks)",OOP,3483,"___
    ___
        ___ name
        ___ age
        ___ marks
        
    ___
        return self.name
    
    ___
        return self.age
    
    ___
        return sum(self.marks)"
Rewrite a given Java class using Python syntax.,"Java class MyClass with fields ""x"" and ""y"":

public class MyClass {
 int x;
 int y;

 public MyClass(int x, int y) {
  this.x = x;
  this.y = y;
 }
}","class MyClass:
 def __init__(self, x, y):
  self.x = x
  self.y = y",OOP,3924,"___
 ___
  ___ x
  ___ y"
Create a Python class with the given attributes and functions.,"Attributes: name (string), age (integer), email address (string)
Function: toString() - return a string with the formatted attributes","class Person:
    
    def __init__(self, name, age, email):
        self.name = name
        self.age = age
        self.email = email
    
    def toString(self):
        return f""Name: {self.name}, Age: {self.age}, Email: {self.email}""",OOP,3963,"___
    
    ___
        ___ name
        ___ age
        ___ email
    
    ___
        return f""Name: {self.name}, Age: {self.age}, Email: {self.email}"""
Generate a class in Python that can store the following data,"Month, Calories, Exercise Minutes","class HealthData:
    def __init__(self, month, calories, minutes):
        self.month = month
        self.calories = calories
        self.minutes = minutes",OOP,4017,"___
    ___
        ___ month
        ___ calories
        ___ minutes"
Develop an object orientated program in Python to generate random numbers.,Range: 10-50,"import random

class RandNumGenerator:
    def __init__(self, low, high):
        self.low = low
        self.high = high
    
    def generate_rand_num(self):
        return random.randint(self.low, self.high)

if __name__ == '__main__':
    gen = RandNumGenerator(10, 50)
    print(gen.generate_rand_num())",OOP,4276,"import random

___
    ___
        ___ low
        ___ high
    
    ___
        return random.randint(self.low, self.high)

if __name__ == '__main__':
    gen = RandNumGenerator(10, 50)
    print(gen.generate_rand_num())"
Create a class in Python that can represent a 3D point with the given fields.,x y and z coordinates,"class Point3D:
  def __init__(self, x, y, z):
    self.x = x
    self.y = y
    self.z = z

  def __str__(self):
    return 'Point3D is at {x}, {y}, {z}'.format(x = self.x, y = self.y, z = self.z)",OOP,4291,"___
  ___
    ___ x
    ___ y
    ___ z

  ___
    return 'Point3D is at {x}, {y}, {z}'.format(x = self.x, y = self.y, z = self.z)"
Create a class in Python which takes an employee name and salary as parameters and prints them.,"Employee Name: John Smith, Salary: 5000","class Employee:
    def __init__(self, name, salary):
        self.name = name
        self.salary = salary
    
    def print_employee_details(self):
        print('Employee Name: {}, Salary: {}'.format(self.name, self.salary))

employee = Employee('John Smith', 5000)
employee.print_employee_details()",OOP,4321,"___
    ___
        ___ name
        ___ salary
    
    ___
        print('Employee Name: {}, Salary: {}'.format(self.name, self.salary))

employee = Employee('John Smith', 5000)
employee.print_employee_details()"
Design a class in Python that implements a stack,No input,"class Stack:
    def __init__(self):
        self.items = []
    
    def isEmpty(self):
        return self.items == []
    
    def push(self, item):
        self.items.append(item)
    
    def pop(self):
        return self.items.pop()
    
    def peek(self):
        return self.items[len(self.items)-1]
    
    def size(self):
        return len(self.items)",OOP,4380,"___
    ___
        ___ []
    
    ___
        return ___= []
    
    ___
        self.items.append(item)
    
    ___
        return self.items.pop()
    
    ___
        return self.items[len(self.items)-1]
    
    ___
        return len(self.items)"
Design a python class to store fruit and its quantity in a grocery store.,"Banana - 200
Orange - 300
Grapes - 500","class FruitGrocery:
    def __init__(self):
        self.items = {
            'Banana': 200,
            'Orange': 300,
            'Grapes': 500
        }

    def get_item_quantity(self, item):
        return self.items.get(item)",OOP,4742,"___
    ___
        ___ {
            'Banana': 200,
            'Orange': 300,
            'Grapes': 500
        }

    ___
        return self.items.get(item)"
Write a Python class that takes 2 strings as arguments and prints them out in a concatenated form.,"string1 = ""Hello"" 
string2 = ""World""","class ConcatStrings:
    def __init__(self, string1, string2):
        self.string1 = string1
        self.string2 = string2

    def print_concat(self):
        print(self.string1 + self.string2)",OOP,5493,"___
    ___
        ___ string1
        ___ string2

    ___
        print(self.string1 + self.string2)"
Use the given data structure to create a python class.,"data = { 
   ""name"": ""John Doe"",
   ""age"": 30,
   ""city"": ""London""
}","class Person:
    def __init__(self, data):
        self.name = data['name']
        self.age = data['age']
        self.city = data['city']",OOP,5552,"___
    ___
        ___ data['name']
        ___ data['age']
        ___ data['city']"
Create a Python class that has the following functionality.,Create a class with a method to check if a given string contains any vowels or not.,"class StringChecker:
    def containsVowels(self, s):
        vowels = set('aeiouAEIOU')
        for letter in s:
            if letter in vowels:
                return True
        return False",OOP,5822,"___
    ___
        vowels = set('aeiouAEIOU')
        for letter in s:
            if letter in vowels:
                return True
        return False"
Create a class in Python to represent a circle containing methods to calculate the area and circumference.,-,"class Circle:
    def __init__(self, radius):
        self.radius = radius

    def area(self):
        return 3.14 * self.radius * self.radius

    def circumference(self):
        return 2 * 3.14 * self.radius",OOP,5908,"___
    ___
        ___ radius

    ___
        return 3.14 * self.radius * self.radius

    ___
        return 2 * 3.14 * self.radius"
"Develop a Python class to represent an employee with name, position and salary.","The employee is named 'John', he is a software engineer and he earns 6000$ per month.","class Employee:
    def __init__(self, name, position, salary):
        self.name = name
        self.position = position
        self.salary = salary

john = Employee('John', 'Software Engineer', 6000)",OOP,5925,"___
    ___
        ___ name
        ___ position
        ___ salary

john = Employee('John', 'Software Engineer', 6000)"
Write a Python program to generate a Python Class using the given description.,"description = ""This class should store the name, age, and height of a person.""","class Person:
 def __init__(self, name, age, height):
 self.name = name
 self.age = age
 self.height = height
 
 def get_name(self):
 return self.name
 
 def get_age(self):
 return self.age
 
 def get_height(self):
return self.height",OOP,6033,"___
 ___
 ___ name
 ___ age
 ___ height
 
 ___
 return self.name
 
 ___
 return self.age
 
 ___
return self.height"
"Create a class in Python that inherits from the given base class, and implements the given interface.","BaseClass: Animal
Interface: eat(food)","class Animal:
    def __init__(self, name):
        self.name = name

class Cat(Animal):
    def eat(self, food):
        print(""{} is eating {}!"".format(self.name, food))",OOP,6218,"___
    ___
        ___ name

___):
    ___
        print(""{} is eating {}!"".format(self.name, food))"
Develop a class in Python to keep track of stock prices,Symbol: AAPL,"class Stock:
  def __init__(self, symbol):
    self.symbol = symbol
    self.prices = []
 
  def add_price(self, price):
    self.prices.append(price)
 
  def get_prices(self):
    return self.prices
      
AAPL = Stock('AAPL')
AAPL.add_price(191.43)
AAPL.add_price(193.57)
AAPL.add_price(190.08)
AAPL.get_prices()",OOP,6277,"___
  ___
    ___ symbol
    ___ []
 
  ___
    self.prices.append(price)
 
  ___
    return self.prices
      
AAPL = Stock('AAPL')
AAPL.add_price(191.43)
AAPL.add_price(193.57)
AAPL.add_price(190.08)
AAPL.get_prices()"
Generate a class in Python with the given properties and methods.,"Class Name: Student
Properties:
Name - String
Age - Integer
Methods:
getInfo() - Returns a string with student's name and age","class Student:
    def __init__(self, name, age):
        self.name = name
        self.age = age

    def getInfo(self):
        return ""Name: {}, Age: {}"".format(self.name, self.age)",OOP,6549,"___
    ___
        ___ name
        ___ age

    ___
        return ""Name: {}, Age: {}"".format(self.name, self.age)"
Write a class definition in python that will initialize an object of the class with given parameters,"name, age","class Person:
    def __init__(self, name, age):
        self.name = name
        self.age = age",OOP,6614,"___
    ___
        ___ name
        ___ age"
Generate a Python code to create a class which creates an empty dictionary with the given keys.,"""name, age""","class EmptyDictionary:
    def __init__(self, keys):
        self.keys = [k.strip() for k in keys.split("","")]
        self.dictionary = {k: None for k in self.keys}
            
    def get_dictionary(self):
        return self.dictionary",OOP,6690,"___
    ___
        ___ [k.strip() for k in keys.split("","")]
        ___ {k: None for k in self.keys}
            
    ___
        return self.dictionary"
Write a class that implements the singleton pattern in Python.,No input,"class Singleton:
    instance = None

    @staticmethod
    def get_instance():
        if Singleton.instance is None:
            Singleton.instance = Singleton()
        return Singleton.instance",OOP,6757,"___
    instance = None

    ___
    def get_instance():
        if Singleton.instance is None:
            Singleton.instance = Singleton()
        return Singleton.instance"
Provide a valid Python class definition that uses the below given values.,"Class_name = 'Automobile'
 attributes  = 'speed' , 'color'
 methods = 'set_speed', 'set_color'","class Automobile:
    def __init__(self, speed, color):
        self.speed = speed
        self.color = color

    def set_speed(self, speed):
        self.speed = speed
    
    def set_color(self, color):
        self.color = color",OOP,6800,"___
    ___
        ___ speed
        ___ color

    ___
        ___ speed
    
    ___
        ___ color"
Develop a class in Python to optimize the existing code.,"def display_message(message):
  print(message)

display_message('Hello World!')","class Display():
  def __init__(self, message):
    self.message = message
    
  def display_message(self):
    print(self.message)
    
message = input('Enter a message: ')
display_obj = Display(message)
display_obj.display_message()",OOP,6889,"class Display():
  ___
    ___ message
    
  ___
    print(self.message)
    
message = input('Enter a message: ')
display_obj = Display(message)
display_obj.display_message()"
Create a class in Python to store user information with the given attributes.,"Attributes- username, email, profile_picture","class UserInformation:
    def __init__(self, username, email, profile_picture):
        self.username = username
        self.email = email
        self.profile_picture = profile_picture",OOP,7182,"___
    ___
        ___ username
        ___ email
        ___ profile_picture"
Use a given class to deserialize a JSON response into a Python dictionary.,"import json
from some_library import Deserializer

class MyDeserializer(Deserializer):
    pass

response = '{""data"": ""abc""}'","class MyDeserializer(Deserializer):
    def deserialize(self, response):
        return json.loads(response)

deserializer = MyDeserializer()
deserialized_data = deserializer.deserialize(response)

print(deserialized_data)",OOP,7206,"___):
    ___
        return json.loads(response)

deserializer = MyDeserializer()
deserialized_data = deserializer.deserialize(response)

print(deserialized_data)"
Generate a Python class with the following variables.,"name, job, age","class Person:
  def __init__(self, name, job, age):
    self.name = name
    self.job = job
    self.age = age",OOP,7267,"___
  ___
    ___ name
    ___ job
    ___ age"
Generate a valid python class that captures person information,"Name, Age, Gender, Nationality","class Person:
    def __init__(self, name, age, gender, nationality):
        self.name = name
        self.age = age
        self.gender = gender
        self.nationality = nationality
 
    def __str__(self):
        return 'Name: {}\nAge: {}\nGender: {}\nNationality: {}'.format(
            self.name, self.age, self.gender, self.nationality)",OOP,7364,"___
    ___
        ___ name
        ___ age
        ___ gender
        ___ nationality
 
    ___
        return 'Name: {}\nAge: {}\nGender: {}\nNationality: {}'.format(
            self.name, self.age, self.gender, self.nationality)"
